"Date","Action","Symbol","Description","Quantity","Price","Fees & Comm","Amount"
"06/25/2026","Buy","HPE","HEWLETT PACKARD ENTERPRI","20","$46.932","","-$938.64"
"06/25/2026","Sell","RDDT","REDDIT INC CLASS A","5","$153.90","$0.02","$769.48"
"06/25/2026","Buy","MU","MICRON TECHNOLOGY INC","2","$1245.4051","","-$2490.81"
"06/24/2026","Buy","MU","MICRON TECHNOLOGY INC","3","$1192.72","","-$3578.16"
"06/23/2026","Buy","HPE","HEWLETT PACKARD ENTERPRI","20","$49.135","","-$982.70"
"06/23/2026","Buy","RDDT","REDDIT INC CLASS A","5","$172.955","","-$864.78"
"06/22/2026","Sell","MU","MICRON TECHNOLOGY INC","5","$1193.30","$0.12","$5966.38"
"06/17/2026","Sell","NVDA","NVIDIA CORP","17","$206.1901","$0.07","$3505.16"
"06/12/2026","Buy","NVDA","NVIDIA CORP","5","$205.9083","","-$1029.54"
"06/11/2026","Buy","NVDA","NVIDIA CORP","4","$205.08","","-$820.32"
"06/11/2026","Buy","NVDA","NVIDIA CORP","3","$204.65","","-$613.95"
"06/11/2026","Sell","FPS","FORGENT PWR SOLUTION CLASS CLASS A","18","$57.635","$0.02","$1037.41"
"06/11/2026","Buy","NVDA","NVIDIA CORP","3","$202.48","","-$607.44"
"06/09/2026","Buy","MU","MICRON TECHNOLOGY INC","3","$938.98","","-$2816.94"
"06/09/2026","Buy","NVDA","NVIDIA CORP","2","$209.9551","","-$419.91"
"06/09/2026","Buy","MU","MICRON TECHNOLOGY INC","2","$990.99","","-$1981.98"
"06/08/2026","Sell","MU","MICRON TECHNOLOGY INC","5","$932.57","$0.10","$4662.75"
"06/08/2026","Sell","RDDT","REDDIT INC CLASS A","14","$167.1701","$0.05","$2340.33"
"06/04/2026","Buy","FPS","FORGENT PWR SOLUTION CLASS CLASS A","4","$61.72","","-$246.88"
"06/04/2026","Buy","FPS","FORGENT PWR SOLUTION CLASS CLASS A","2","$58.985","","-$117.97"
"06/04/2026","Buy","RDDT","REDDIT INC CLASS A","2","$176.84","","-$353.68"
"06/03/2026","Buy","RDDT","REDDIT INC CLASS A","2","$169.39","","-$338.78"
"06/02/2026","Buy","FPS","FORGENT PWR SOLUTION CLASS A","6","$57.76","","-$346.56"
"06/01/2026","Buy","RDDT","REDDIT INC CLASS A","2","$179.37","","-$358.74"
"06/01/2026","Buy","FPS","FORGENT PWR SOLUTION CLASS A","4","$54.94","","-$219.76"
"05/29/2026","Buy","FPS","FORGENT PWR SOLUTION CLASS A","2","$52.4099","","-$104.82"
"05/28/2026","Buy","RDDT","REDDIT INC CLASS A","2","$167.2784","","-$334.56"
"05/28/2026","Buy","RDDT","REDDIT INC CLASS A","2","$167.25","","-$334.50"
"05/26/2026","Buy","MU","MICRON TECHNOLOGY INC","2","$805.6495","","-$1611.30"
"05/21/2026","Buy","MU","MICRON TECHNOLOGY INC","2","$751.16","","-$1502.32"
"05/20/2026","Sell","AMDD","DIREXION DAILY AMD BEAR 1X SHARES","250","$3.7918","$0.07","$947.88"
"05/19/2026","Buy","AMDD","DIREXION DAILY AMD BEAR 1X SHARES","250","$4.1299","","-$1032.48"
"05/18/2026","Sell","RDDT","REDDIT INC CLASS A","20","$158.475","$0.07","$3169.43"
"05/18/2026","Sell","TSLS","DIREXION DAILY TSLA BEAR1X SHARES","14","$53.80","$0.02","$753.18"
"05/18/2026","Buy","RDDT","REDDIT INC CLASS A","20","$158.71","","-$3174.20"
"05/18/2026","Buy","TSLS","DIREXION DAILY TSLA BEAR1X SHARES","14","$52.98","","-$741.72"
"05/18/2026","Buy","RDDT","REDDIT INC CLASS A","2","$158.935","","-$317.87"
"05/15/2026","Buy","RDDT","REDDIT INC CLASS A","2","$156.88","","-$313.76"
"05/14/2026","Buy","MU","MICRON TECHNOLOGY INC","1","$790.50","","-$790.50"
"05/11/2026 as of 05/08/2026","MoneyLink Transfer","","Tfr FULTON BANK NATION, ANATOLI LARIN","","","","$7800.00"
"04/13/2026","Funds Paid","","CLIENT REQUEST NETCSH","","","","-$7941.79"
"04/13/2026","Sell","PLTZ","DEFIANCE DAILY TARGET 2XSHORT PLTR ETF","220","$34.81","$0.20","$7658.00"
"04/13/2026","Buy","PLTZ","DEFIANCE DAILY TARGET 2XSHORT PLTR ETF","220","$36.35","","-$7997.00"
"04/10/2026","Sell","TSLL","DIREXION DAILY TSLA BULL2X SHARES","780","$10.3701","$0.32","$8088.36"
"04/10/2026","Buy","TSLL","DIREXION DAILY TSLA BULL2X SHARES","780","$10.4675","","-$8164.65"
"04/09/2026","Sell","HOOZ","DEFIANCE DAILY TARGET 2XSHORT HOOD ETF","105","$40.2727","$0.11","$4228.52"
"04/09/2026","Sell","HOOZ","DEFIANCE DAILY TARGET 2XSHORT HOOD ETF","100","$39.97","$0.10","$3996.90"
"04/09/2026","Buy","HOOZ","DEFIANCE DAILY TARGET 2XSHORT HOOD ETF","205","$39.48","","-$8093.40"
"04/08/2026","Sell","HOOZ","DEFIANCE DAILY TARGET 2XSHORT HOOD ETF","220","$36.40","$0.20","$8007.80"
"04/08/2026","Buy","HOOZ","DEFIANCE DAILY TARGET 2XSHORT HOOD ETF","220","$36.015","","-$7923.30"
"04/07/2026","Sell","PLTZ","DEFIANCE DAILY TARGET 2XSHORT PLTR ETF","285","$28.475","$0.23","$8115.15"
"04/07/2026","Buy","PLTZ","DEFIANCE DAILY TARGET 2XSHORT PLTR ETF","285","$29.2786","","-$8344.40"
"04/06/2026","Sell","TSLL","DIREXION DAILY TSLA BULL2X SHARES","729","$11.291","$0.14","$8231.00"
"04/06/2026","Sell","TSLL","DIREXION DAILY TSLA BULL2X SHARES","1","$11.35","","$11.35"
"04/06/2026","Buy","TSLL","DIREXION DAILY TSLA BULL2X SHARES","730","$11.575","","-$8449.75"
"04/01/2026","Sell","PLTZ","DEFIANCE DAILY TARGET 2XSHORT PLTR ETF","280","$29.43","$0.05","$8240.35"
"04/01/2026","Buy","PLTZ","DEFIANCE DAILY TARGET 2XSHORT PLTR ETF","280","$28.66","","-$8024.80"
"03/31/2026","Sell","CRCL","CIRCLE INTERNET GROUP INCLASS A","87","$94.50","$0.02","$8221.48"
"03/31/2026","Buy","CRCL","CIRCLE INTERNET GROUP INCLASS A","87","$91.49","","-$7959.63"
"03/27/2026","Sell","NFXL","DIREXION DAILY NFLX BULL2X SHARES","280","$28.15","$0.05","$7881.95"
"03/27/2026","Buy","NFXL","DIREXION DAILY NFLX BULL2X SHARES","280","$28.54","","-$7991.20"
"03/25/2026","Sell","AVS","DIREXION DAILY AVGO BEAR1X SHARES","600","$9.8201","$0.12","$5891.94"
"03/25/2026","Buy","AVS","DIREXION DAILY AVGO BEAR1X SHARES","600","$9.9777","","-$5986.62"
"03/24/2026","Sell","PLTD","DIREXION DAILY PLTR BEAR1X SHARES","600","$7.205","$0.12","$4322.88"
"03/24/2026","Buy","PLTD","DIREXION DAILY PLTR BEAR1X SHARES","600","$7.0699","","-$4241.94"
"03/20/2026","Sell","COIN","COINBASE GLOBAL INC CLASS CLASS A","41","$197.1485","$0.01","$8083.08"
"03/20/2026","Buy","COIN","COINBASE GLOBAL INC CLASS CLASS A","41","$199.62","","-$8184.42"
"03/19/2026","Sell","PLTR","PALANTIR TECHNOLOGIES INCLASS CLASS A","52","$155.83","$0.01","$8103.15"
"03/19/2026","Buy","PLTR","PALANTIR TECHNOLOGIES INCLASS CLASS A","52","$153.20","","-$7966.40"
"03/19/2026 as of 03/18/2026","MoneyLink Transfer","","Tfr CAPITAL ONE NATION, ANATOLI LARIN","","","","$1000.00"
"03/17/2026","Sell","PLTU","DIREXION DAILY PLTR BULL2X SHARES","140","$50.75","$0.03","$7104.97"
"03/16/2026","Buy","PLTU","DIREXION DAILY PLTR BULL2X SHARES","140","$49.66","","-$6952.40"
"03/13/2026","Sell","PLTR","PALANTIR TECHNOLOGIES INCLASS CLASS A","46","$150.96","$0.01","$6944.15"
"03/13/2026","Buy","PLTR","PALANTIR TECHNOLOGIES INCLASS CLASS A","46","$154.465","","-$7105.39"
"03/12/2026","Sell","PLTU","DIREXION DAILY PLTR BULL2X SHARES","142","$50.40","$0.03","$7156.77"
"03/12/2026","Buy","PLTU","DIREXION DAILY PLTR BULL2X SHARES","142","$49.41","","-$7016.22"
"03/06/2026","Sell","HOOG","LEVERAGE SHARES 2X LONG HOOD DAILY ETF","315","$22.06","$0.06","$6948.84"
"03/06/2026","Buy","HOOG","LEVERAGE SHARES 2X LONG HOOD DAILY ETF","315","$22.73","","-$7159.95"
"03/05/2026","Sell","PLTG","LEVERAGE SHARES 2X LONG PLTR DAILY ETF","405","$17.90","$0.08","$7249.42"
"03/05/2026","Buy","PLTG","LEVERAGE SHARES 2X LONG PLTR DAILY ETF","405","$17.685","","-$7162.43"
"03/04/2026","Sell","NVDL","GRANITESHARES NVDA LNG DAILY ETF","89","$80.49","$0.02","$7163.59"
"03/04/2026","Buy","NVDL","GRANITESHARES NVDA LNG DAILY ETF","89","$81.08","","-$7216.12"
"03/03/2026","Sell","NVDL","GRANITESHARES NVDA LNG DAILY ETF","94","$76.77","$0.02","$7216.36"
"03/03/2026","Buy","NVDL","GRANITESHARES NVDA LNG DAILY ETF","94","$76.38","","-$7179.72"
"03/02/2026","Sell","SHPD","DIREXION DAILY SHOP BEAR1X ETF","320","$22.3815","$0.06","$7162.01"
"03/02/2026","Buy","SHPD","DIREXION DAILY SHOP BEAR1X ETF","320","$22.84","","-$7308.80"
"02/27/2026","Sell","PLTU","DIREXION DAILY PLTR BUL 2X SH ETF","188","$38.9946","$0.04","$7330.94"
"02/27/2026","Buy","PLTU","DIREXION DAILY PLTR BUL 2X SH ETF","188","$39.5126","","-$7428.37"
"02/26/2026","Sell","HOOG","LEVERAGE SHARES 2X LONG HOOD DAILY ETF","315","$23.46","$0.06","$7389.84"
"02/26/2026","Buy","HOOG","LEVERAGE SHARES 2X LONG HOOD DAILY ETF","315","$22.606","","-$7120.89"
"02/25/2026","Sell","PLTR","PALANTIR TECHNOLOGIES INCLASS CLASS A","53","$132.99","$0.01","$7048.46"
"02/24/2026","Buy","PLTR","PALANTIR TECHNOLOGIES INCLASS CLASS A","53","$130.00","","-$6890.00"
"02/23/2026","Sell","RDDT","REDDIT INC CLASS A","47","$144.66","$0.01","$6799.01"
"02/23/2026","Buy","RDDT","REDDIT INC CLASS A","47","$148.77","","-$6992.19"
"02/20/2026","Sell","PLTZ","TIDAL TR II DEFIANCE DLYTRGT 2X SHRT PLTR ETF","188","$38.11","$0.04","$7164.64"
"02/20/2026","Buy","PLTZ","TIDAL TR II DEFIANCE DLYTRGT 2X SHRT PLTR ETF","188","$37.7554","","-$7098.02"
"02/18/2026","Sell","NVDA","NVIDIA CORP","37","$187.9151","$0.01","$6952.85"
"02/18/2026","Buy","NVDA","NVIDIA CORP","37","$189.37","","-$7006.69"
"02/17/2026","Sell","PLTR","PALANTIR TECHNOLOGIES INCLASS CLASS A","55","$130.31","$0.01","$7167.04"
"02/17/2026","Buy","PLTR","PALANTIR TECHNOLOGIES INCLASS CLASS A","55","$130.09","","-$7154.95"
"02/13/2026","Sell","PLTR","PALANTIR TECHNOLOGIES INCLASS CLASS A","53","$133.08","$0.01","$7053.23"
"02/13/2026","Buy","PLTR","PALANTIR TECHNOLOGIES INCLASS CLASS A","53","$130.26","","-$6903.78"
"02/10/2026","Sell","AAPU","DIREXION DAILY AAPL BULL2X ETF","210","$33.45","$0.04","$7024.46"
"02/10/2026","Buy","AAPU","DIREXION DAILY AAPL BULL2X ETF","210","$33.685","","-$7073.85"
"02/05/2026","Sell","UPRO","PROSHARES ULTRAPRO S&P ...500 ETF","63","$111.3459","$0.01","$7014.78"
"02/05/2026","Buy","UPRO","PROSHARES ULTRAPRO S&P ...500 ETF","9","$114.5538","","-$1030.98"
"02/03/2026","Sell","NVDL","GRANITESHARES NVDA LNG DAILY ETF","14","$77.33","","$1082.62"
"02/02/2026","Buy","NVDL","GRANITESHARES NVDA LNG DAILY ETF","14","$88.02","","-$1232.28"
"01/30/2026","Sell","NVDL","GRANITESHARES NVDA LNG DAILY ETF","13","$93.0935","","$1210.22"
"01/30/2026","Buy","NVDL","GRANITESHARES NVDA LNG DAILY ETF","13","$89.42","","-$1162.46"
"01/29/2026","Sell","SBIT","PROSHARES ULTRASHORT BITCOIN ETF","25","$46.444","","$1161.10"
"01/28/2026","Buy","SBIT","PROSHARES ULTRASHORT BITCOIN ETF","25","$40.71","","-$1017.75"
"01/27/2026","Sell","UPRO","PROSHARES ULTRAPRO S&P ...500 ETF","8","$121.9701","","$975.76"
"01/27/2026","Buy","UPRO","PROSHARES ULTRAPRO S&P ...500 ETF","62","$121.16","","-$7511.92"
"01/26/2026","Sell","IBIT","ISHARES BITCOIN ETF","151","$49.5301","$0.03","$7479.02"
"01/26/2026","Sell","IBIT","ISHARES BITCOIN ETF","1","$49.19","","$49.19"
"01/21/2026","Sell","IBIT","ISHARES BITCOIN ETF","1","$49.96","","$49.96"
"01/21/2026","Buy","IBIT","ISHARES BITCOIN ETF","3","$49.985","","-$149.96"
"01/20/2026","Sell","IBIT","ISHARES BITCOIN ETF","1","$50.8339","","$50.83"
"01/20/2026","Buy to Close","IBIT 02/06/2026 57.00 C","CALL ISHR BITCOIN TR ETF$57 EXP 02/06/26","1","$0.32","$0.66","-$32.66"
"01/07/2026","Sell","IBIT","ISHARES BITCOIN ETF","1","$51.555","","$51.56"
"12/30/2025","Credit Interest","","SCHWAB1 INT 11/26-12/29","","","","$0.08"
"12/30/2025","Sell to Open","IBIT 02/06/2026 57.00 C","CALL ISHR BITCOIN TR ETF$57 EXP 02/06/26","1","$0.68","$0.66","$67.34"
"12/04/2025","Buy","IBIT","ISHARES BITCOIN ETF","152","$52.46","","-$7973.92"
"12/03/2025","Funds Paid","","CLIENT REQUEST NETCSH","","","","-$387.00"
"12/02/2025","Sell","HOOD","ROBINHOOD MKTS INC CLASS A","31","$126.20","$0.01","$3912.19"
"12/02/2025","Sell","IBIT","ISHARES BITCOIN ETF","85","$51.2229","$0.01","$4353.94"
"12/01/2025","Buy","HOOD","ROBINHOOD MKTS INC CLASS A","31","$123.67","","-$3833.77"
"12/01/2025","Buy","IBIT","ISHARES BITCOIN ETF","85","$48.475","","-$4120.38"
"11/28/2025","Sell","HOOD","ROBINHOOD MKTS INC CLASS CLASS A","62","$127.31","$0.01","$7893.21"
"11/28/2025","Buy","HOOD","ROBINHOOD MKTS INC CLASS CLASS A","62","$129.49","","-$8028.38"
"11/26/2025","Credit Interest","","SCHWAB1 INT 10/30-11/25","","","","$0.10"
"11/26/2025","Sell","IBIT","ISHARES BITCOIN ETF","166","$49.40","$0.03","$8200.37"
"11/26/2025","Buy","IBIT","ISHARES BITCOIN ETF","166","$49.40","","-$8200.40"
"11/25/2025","Sell","HOOD","ROBINHOOD MKTS INC CLASS CLASS A","71","$114.75","$0.01","$8147.24"
"11/25/2025","Buy","HOOD","ROBINHOOD MKTS INC CLASS CLASS A","71","$111.885","","-$7943.84"
"11/24/2025","Sell","TBIL","US TREASURY 3 MONTH BILLETF","160","$49.9725","$0.03","$7995.57"
"11/21/2025","Buy","TBIL","US TREASURY 3 MONTH BILLETF","82","$49.9775","","-$4098.16"
"11/21/2025","Sell","IBIT","ISHARES BITCOIN ETF","85","$48.24","$0.01","$4100.39"
"11/21/2025","Buy","IBIT","ISHARES BITCOIN ETF","85","$47.25","","-$4016.25"
"11/21/2025","Sell","TBIL","US TREASURY 3 MONTH BILLETF","80","$49.975","$0.01","$3997.99"
"11/14/2025","Buy","TBIL","US TREASURY 3 MONTH BILLETF","158","$49.9299","","-$7888.92"
"11/14/2025","Sell","MP","MP MATLS CORP CLASS A","14","$57.3671","","$803.14"
"11/14/2025","Sell","ETHU","2X ETHER ETF","12","$65.90","","$790.80"
"11/14/2025","Sell","RDTL","GRANITESHARES 2X LONG RDDT DAILY ETF","24","$34.375","","$825.00"
"11/14/2025","Sell","SOFX","DEFIANCE DAILY TRGT 2X LNG SOFI ETF","22","$37.48","","$824.56"
"11/14/2025","Sell","PLTU","DIREXION DAILY PLTR BUL 2X SH ETF","14","$81.01","","$1134.14"
"11/13/2025","Sell","HOOD","ROBINHOOD MKTS INC CLASS CLASS A","15","$121.68","","$1825.20"
"11/13/2025","Sell","HOOG","THEMES 2X LONG HOOD","15","$76.07","","$1141.05"
"11/11/2025","Buy","HOOD","ROBINHOOD MKTS INC CLASS CLASS A","15","$132.1988","","-$1982.98"
"11/10/2025","Buy","SOFX","DEFIANCE DAILY TRGT 2X LNG SOFI ETF","22","$47.08","","-$1035.76"
"11/10/2025","Buy","MP","MP MATLS CORP CLASS A","14","$64.47","","-$902.58"
"11/10/2025","Buy","RDTL","GRANITESHARES 2X LONG RDDT DAILY ETF","24","$42.23","","-$1013.52"
"11/10/2025","Buy","PLTU","DIREXION DAILY PLTR BUL 2X SH ETF","14","$109.43","","-$1532.02"
"11/10/2025","Buy","HOOG","THEMES 2X LONG HOOD","15","$97.63","","-$1464.45"
"11/10/2025","Buy","ETHU","2X ETHER ETF","12","$87.10","","-$1045.20"
"11/07/2025","Sell","NNE","NANO NUCLEAR ENERGY EQUICLASS EQUITY","50","$36.69","$0.01","$1834.49"
"11/04/2025","Sell","QUBT","QUANTUM COMPUTING INC","556","$13.86","$0.09","$7706.07"
"11/04/2025","Buy","QUBT","QUANTUM COMPUTING INC","220","$14.48","","-$3185.60"
"11/04/2025","Buy","NNE","NANO NUCLEAR ENERGY EQUICLASS EQUITY","50","$42.6586","","-$2132.93"
"11/04/2025","Buy","QUBT","QUANTUM COMPUTING INC","336","$14.94","","-$5019.84"
"11/03/2025","Sell","QUBT","QUANTUM COMPUTING INC","128","$15.65","$0.02","$2003.18"
"11/03/2025","Buy","QUBT","QUANTUM COMPUTING INC","128","$15.565","","-$1992.32"
"11/03/2025","Sell","NNE","NANO NUCLEAR ENERGY EQUICLASS EQUITY","56","$46.01","$0.01","$2576.55"
"11/03/2025","Sell","CRCL","CIRCLE INTERNET GROUP INCLASS A","47","$122.38","$0.01","$5751.85"
"10/31/2025","Sell","IONQ","IONQ INC","26","$62.50","","$1625.00"
"10/30/2025","Credit Interest","","SCHWAB1 INT 09/29-10/29","","","","$0.10"
"10/30/2025","Buy","CRCL","CIRCLE INTERNET GROUP INCLASS A","24","$125.85","","-$3020.40"
"10/30/2025","Buy","CRCL","CIRCLE INTERNET GROUP INCLASS A","23","$129.47","","-$2977.81"
"10/29/2025","Sell","BMNR","BITMINE IMMERSION TECNOL","60","$49.90","$0.01","$2993.99"
"10/29/2025","Buy","BMNR","BITMINE IMMERSION TECNOL","15","$49.93","","-$748.95"
"10/29/2025","Buy","BMNR","BITMINE IMMERSION TECNOL","45","$49.94","","-$2247.30"
"10/29/2025","Sell","AVL","DIREXION DAILY AVGO BULL2X ETF","36","$66.90","$0.01","$2408.39"
"10/28/2025","Buy","IONQ","IONQ INC","26","$57.24","","-$1488.24"
"10/28/2025","Buy","NNE","NANO NUCLEAR ENERGY EQUICLASS EQUITY","56","$43.67","","-$2445.52"
"10/27/2025","Sell","FBL","GRANITESHARES META DAILYETF","141","$44.77","$0.02","$6312.55"
"10/27/2025","Sell","BITX","2X BITCOIN STRATEGY ETF","29","$54.24","","$1572.96"
"10/23/2025","Buy","BITX","2X BITCOIN STRATEGY ETF","29","$49.1799","","-$1426.22"
"10/22/2025","Sell","ORCX","DEFIANCE DAILY TARGET 2XLONG ETF","39","$36.68","$0.01","$1430.51"
"10/16/2025","Buy","ORCX","DEFIANCE DAILY TARGET 2XLONG ETF","20","$46.3211","","-$926.42"
"10/16/2025","Buy","AVL","DIREXION DAILY AVGO BULL2X ETF","18","$59.4554","","-$1070.20"
"10/15/2025","Sell","NFXL","DIREXION DAILY NFLX BULL2X ETF","35","$56.1601","$0.01","$1965.59"
"10/14/2025","Buy","FBL","GRANITESHARES META DAILYETF","45","$39.95","","-$1797.75"
"10/14/2025","Buy","AVL","DIREXION DAILY AVGO BULL2X ETF","18","$57.12","","-$1028.16"
"10/14/2025","Buy","FBL","GRANITESHARES META DAILYETF","50","$40.11","","-$2005.50"
"10/10/2025","Sell","AXON","AXON ENTERPRISE INC","1","$703.80","","$703.80"
"10/10/2025","Buy","AXON","AXON ENTERPRISE INC","1","$713.11","","-$713.11"
"10/10/2025","Sell","TXN","TEXAS INSTRS INC","22","$174.625","","$3841.75"
"10/09/2025","Sell","HIMZ","DEFIANCE DAILY TRGT 2X LONG HIMS ETF","38","$23.121","$0.01","$878.59"
"10/09/2025","Buy","ORCX","DEFIANCE DAILY TARGET 2XLONG ETF","19","$44.22","","-$840.18"
"10/09/2025","Buy","FBL","GRANITESHARES META DAILYETF","46","$43.165","","-$1985.59"
"10/09/2025","Sell","HIMZ","DEFIANCE DAILY TRGT 2X LONG HIMS ETF","6","$23.14","","$138.84"
"10/07/2025","Buy","NFXL","DIREXION DAILY NFLX BULL2X ETF","35","$55.28","","-$1934.80"
"10/07/2025","Sell","ADSK","AUTODESK INC","9","$313.67","","$2823.03"
"10/07/2025","Buy","ADSK","AUTODESK INC","9","$314.36","","-$2829.24"
"10/03/2025","Sell","IONL","GNSHS2X LG IONQ DLY","20","$112.23","","$2244.60"
"10/03/2025","Buy","IONL","GNSHS2X LG IONQ DLY","20","$106.25","","-$2125.00"
"10/03/2025","Sell","IONL","GNSHS2X LG IONQ DLY","20","$102.90","","$2058.00"
"10/03/2025","Buy","IONL","GNSHS2X LG IONQ DLY","20","$110.70","","-$2214.00"
"10/02/2025","Sell","HIMZ","DEFIANCE DAILY TRGT 2X LONG HIMS ETF","105","$23.23","$0.02","$2439.13"
"10/02/2025","Buy","HIMZ","DEFIANCE DAILY TRGT 2X LONG HIMS ETF","105","$23.22","","-$2438.10"
"10/02/2025","Sell","TSLL","DIREXION DAILY TSLA BULL2X SHAR ETF","100","$23.361","$0.02","$2336.08"
"10/02/2025","Buy","TSLL","DIREXION DAILY TSLA BULL2X SHAR ETF","100","$23.3587","","-$2335.87"
"10/01/2025","Sell","NFXL","DIREXION DAILY NFLX BULL2X ETF","34","$53.2276","$0.01","$1809.73"
"09/29/2025","Credit Interest","","SCHWAB1 INT 08/28-09/28","","","","$0.06"
"09/29/2025","Buy","TXN","TEXAS INSTRS INC","22","$183.32","","-$4033.04"
"09/29/2025","Buy","NFXL","DIREXION DAILY NFLX BULL2X ETF","34","$58.22","","-$1979.48"
"09/26/2025","Sell","BULL","WEBULL CORP FCLASS A","400","$14.67","$0.07","$5867.93"
"09/26/2025","Buy to Close","BULL 09/26/2025 15.00 C","CALL WEBULL CORP $15 EXP 09/26/25","4","$0.07","$2.64","-$30.64"
"09/26/2025","Sell","RTXG","LEVERAGE SHS 2X LONG RTXDLY ETF","132","$19.87","$0.02","$2622.82"
"09/23/2025","Sell to Open","BULL 09/26/2025 15.00 C","CALL WEBULL CORP $15 EXP 09/26/25","4","$0.15","$2.65","$57.35"
"09/23/2025","Buy","BULL","WEBULL CORP FCLASS A","9","$14.0782","","-$126.70"
"09/23/2025","Buy to Close","BULL 09/26/2025 15.50 C","CALL WEBULL CORP $15.5 EXP 09/26/25","3","$0.08","$1.98","-$25.98"
"09/23/2025","Buy","HIMZ","DEFIANCE DAILY TRGT 2X LONG HIMS ETF","44","$22.95","","-$1009.80"
"09/23/2025","Sell to Open","BULL 09/26/2025 15.50 C","CALL WEBULL CORP $15.5 EXP 09/26/25","3","$0.16","$1.99","$46.01"
"09/23/2025","Buy","BULL","WEBULL CORP FCLASS A","250","$14.3387","","-$3584.68"
"09/23/2025","Buy","BULL","WEBULL CORP FCLASS A","141","$14.20","","-$2002.20"
"09/22/2025","Sell","SHPU","DIREXION DAILY SHOP BULL2X ETF","39","$35.875","$0.01","$1399.12"
"09/18/2025","Sell","HOOG","LEVERAGE SHARES 2X LONG HOOD DLY ETF","33","$86.30","$0.01","$2847.89"
"09/18/2025","Sell","CVNX","DEFIANCE DAILY TRGT 2X LONG CVNA ETF","50","$26.89","$0.01","$1344.49"
"09/18/2025","Buy","HOOG","LEVERAGE SHARES 2X LONG HOOD DLY ETF","33","$86.30","","-$2847.90"
"09/18/2025","Sell","PLTU","DIREXION DAILY PLTR BUL 2X SH ETF","16","$92.9796","","$1487.67"
"09/18/2025","Buy","RTXG","LEVERAGE SHS 2X LONG RTXDLY ETF","22","$18.51","","-$407.22"
"09/17/2025","Journal","","JOURNAL FRM ...199","","","","$58.00"
"09/17/2025","Buy","SHPU","DIREXION DAILY SHOP BULL2X ETF","6","$32.37","","-$194.22"
"09/17/2025","Buy to Close","OPEN 09/19/2025 9.00 P","PUT OPENDOOR TECHNOLOGIE$9 EXP 09/19/25","1","$0.30","$0.66","-$30.66"
"09/17/2025","Sell to Open","OPEN 09/19/2025 9.00 P","PUT OPENDOOR TECHNOLOGIE$9 EXP 09/19/25","1","$0.32","$0.66","$31.34"
"09/17/2025","Sell","QUBX","TRADR 2X LONG QUBT DAILYETF","60","$19.24","$0.01","$1154.39"
"09/15/2025","Sell","GRAB","GRAB HLDGS LTD FCLASS A","166","$6.075","$0.03","$1008.42"
"09/15/2025","Buy","GRAB","GRAB HLDGS LTD FCLASS A","166","$6.04","","-$1002.64"
"09/15/2025","Buy","RTXG","LEVERAGE SHS 2X LONG RTXDLY ETF","110","$18.26","","-$2008.60"
"09/12/2025","Sell","NFXL","DIREXION DAILY NFLX BULL2X ETF","34","$55.3063","$0.01","$1880.40"
"09/08/2025","Buy","NFXL","DIREXION DAILY NFLX BULL2X ETF","17","$61.5889","","-$1047.01"
"09/08/2025","Sell","NET","CLOUDFLARE INC CLASS A","10","$219.30","","$2193.00"
"09/08/2025","Buy","SHPU","DIREXION DAILY SHOP BULL2X ETF","33","$31.16","","-$1028.28"
"09/08/2025","Buy","NFXL","DIREXION DAILY NFLX BULL2X ETF","17","$61.195","","-$1040.32"
"09/05/2025","Sell","BAIG","LEVERAGE SHARES 2X LONG BBAI DAILY ETF","99","$10.631","$0.02","$1052.45"
"09/03/2025","Sell","SMU","TRADR 2X LONG SMR DAILY ETF","47","$30.18","$0.01","$1418.45"
"09/02/2025","Sell","NVDL","GRANITESHARES NVDA LNG DAILY ETF","12","$78.09","","$937.08"
"08/28/2025","Credit Interest","","SCHWAB1 INT 07/30-08/27","","","","$0.07"
"08/28/2025","Buy","BAIG","LEVERAGE SHARES 2X LONG BBAI DAILY ETF","99","$12.7971","","-$1266.91"
"08/27/2025","Buy","NVDL","GRANITESHARES NVDA LNG DAILY ETF","12","$84.97","","-$1019.64"
"08/27/2025","Sell","BBAI","BIGBEAR AI HLDGS INC","395","$5.285","$0.07","$2087.51"
"08/27/2025","Buy","BBAI","BIGBEAR AI HLDGS INC","200","$5.2899","","-$1057.98"
"08/27/2025","Buy","BBAI","BIGBEAR AI HLDGS INC","195","$5.26","","-$1025.70"
"08/27/2025","Buy","NET","CLOUDFLARE INC CLASS A","10","$201.11","","-$2011.10"
"08/27/2025","Buy","SMU","TRADR 2X LONG SMR DAILY ETF","47","$22.01","","-$1034.47"
"08/27/2025","Sell","WFC","WELLS FARGO & CO","50","$81.3001","$0.01","$4065.00"
"08/25/2025","Sell","HIMZ","DEFIANCE DAILY TRGT 2X LONG HIMS ETF","88","$14.42","$0.01","$1268.95"
"08/25/2025","Buy","HIMZ","DEFIANCE DAILY TRGT 2X LONG HIMS ETF","88","$14.145","","-$1244.76"
"08/22/2025","Buy","PLTU","DIREXION DAILY PLTR BUL 2X SH ETF","16","$79.1876","","-$1267.00"
"08/22/2025","Buy","CVNX","DEFIANCE DAILY TRGT 2X LONG CVNA ETF","50","$22.45","","-$1122.50"
"08/22/2025","Buy","QUBX","TRADR 2X LONG QUBT DAILYETF","60","$17.73","","-$1063.80"
"08/22/2025","Sell","V","VISA INC CLASS A","13","$350.0378","","$4550.49"
"08/13/2025","Buy","V","VISA INC CLASS A","13","$342.82","","-$4456.66"
"08/13/2025","Sell","ABT","ABBOTT LABS","24","$129.365","","$3104.76"
"08/13/2025","Buy","WFC","WELLS FARGO & CO","50","$79.6656","","-$3983.28"
"08/13/2025","Sell","ECL","ECOLAB INC","16","$277.63","","$4442.08"
"08/06/2025","Buy","ECL","ECOLAB INC","15","$266.48","","-$3997.20"
"08/05/2025","Buy","ECL","ECOLAB INC","1","$266.48","","-$266.48"
"08/01/2025","Sell","SVIX","1X SHORT VIX FUTURES ETF","100","$16.033","$0.02","$1603.28"
"08/01/2025","Sell","SVIX","1X SHORT VIX FUTURES ETF","25","$16.04","","$401.00"
"08/01/2025","Buy","SVIX","1X SHORT VIX FUTURES ETF","125","$16.0599","","-$2007.49"
"07/30/2025","Credit Interest","","SCHWAB1 INT 06/27-07/29","","","","$0.09"
"07/30/2025","Buy","ABT","ABBOTT LABS","24","$128.00","","-$3072.00"
"07/30/2025","Sell","PG","PROCTER & GAMBLE CO","26","$152.1648","","$3956.28"
"07/30/2025","Sell","CRWD","CROWDSTRIKE HLDGS INC CLASS A","9","$459.69","","$4137.21"
"07/28/2025","Buy","CRWD","CROWDSTRIKE HLDGS INC CLASS A","9","$471.77","","-$4245.93"
"07/25/2025","Sell","DASH","DOORDASH INC CLASS A","18","$246.30","","$4433.40"
"07/24/2025","Buy","PG","PROCTER & GAMBLE CO","26","$158.97","","-$4133.22"
"07/23/2025","Sell","TOST","TOAST INC CLASS A","28","$47.4328","","$1328.12"
"07/23/2025","Sell","VST","VISTRA CORP","13","$204.195","","$2654.54"
"07/22/2025","Buy","DASH","DOORDASH INC CLASS A","18","$238.7589","","-$4297.66"
"07/18/2025","Buy","VST","VISTRA CORP","13","$192.4077","","-$2501.30"
"07/17/2025","Sell","KPDD","KRANESHARES 2X LONG PDD DAILY ETF","20","$18.63","","$372.60"
"07/17/2025","Sell","DE","DEERE & CO","6","$496.19","","$2977.14"
"07/16/2025","Sell","ACHR","ARCHER AVIATION INC CLASS A","160","$11.86","$0.03","$1897.57"
"07/15/2025","Sell","BOEU","DIREXION DAILY BA BULL 2X SHARES ETF","18","$47.50","","$855.00"
"07/10/2025","Sell","AAL","AMERICAN AIRLS GROUP INC","75","$12.38","$0.01","$928.49"
"07/08/2025","Buy","TOST","TOAST INC CLASS A","28","$43.64","","-$1221.92"
"07/07/2025","Buy","DE","DEERE & CO","6","$520.00","","-$3120.00"
"07/03/2025","Sell","UAL","UNITED AIRLINES HLDG","26","$82.48","","$2144.48"
"07/03/2025","Qualified Dividend","NVDA","NVIDIA CORP","","","","$0.03"
"07/02/2025","Sell","RGTI","RIGETTI COMPUTING INC","150","$12.72","$0.02","$1907.98"
"07/02/2025","Sell","TSDD","GRANITESHARES TSLA DAILYETF","12","$25.01","","$300.12"
"07/01/2025","Buy","TSDD","GRANITESHARES TSLA DAILYETF","12","$25.09","","-$301.08"
"06/30/2025","Buy","BOEU","DIREXION DAILY BA BULL 2X SHARES ETF","18","$39.93","","-$718.74"
"06/30/2025","Sell","AAL","AMERICAN AIRLS GROUP INC","25","$11.195","","$279.88"
"06/27/2025","Credit Interest","","SCHWAB1 INT 05/29-06/26","","","","$0.03"
"06/26/2025","Sell","TSDD","GRANITESHARES TSLA DAILYETF","15","$21.405","","$321.08"
"06/26/2025","Sell","CORZ","CORE SCIENTIFIC INC","10","$15.07","","$150.70"
"06/26/2025","Buy","CORZ","CORE SCIENTIFIC INC","10","$16.005","","-$160.05"
"06/26/2025","Buy","TSDD","GRANITESHARES TSLA DAILYETF","15","$21.45","","-$321.75"
"06/25/2025","Buy","RGTI","RIGETTI COMPUTING INC","150","$11.50","","-$1725.00"
"06/24/2025","Sell","PYPL","PAYPAL HLDGS INC","28","$73.60","","$2060.80"
"06/24/2025","Buy","ACHR","ARCHER AVIATION INC CLASS A","160","$10.7069","","-$1713.10"
"06/24/2025","Buy","PYPL","PAYPAL HLDGS INC","28","$73.51","","-$2058.28"
"06/24/2025","Sell","MRVL","MARVELL TECHNOLOGY INC","6","$72.7701","","$436.62"
"06/24/2025","Sell","TSDD","GRANITESHARES TSLA DAILYETF","100","$18.30","$0.02","$1829.98"
"06/23/2025","Sell","SPXU","PROSHARES ULTRAPRO SHORTS&P ...500 ETF","104","$18.38","$0.02","$1911.50"
"06/23/2025","Buy","TSDD","GRANITESHARES TSLA DAILYETF","100","$19.2999","","-$1929.99"
"06/23/2025","Buy","UAL","UNITED AIRLINES HLDG","26","$77.20","","-$2007.20"
"06/23/2025","Sell","CMG","CHIPOTLE MEXICAN GRILL I","7","$53.62","","$375.34"
"06/23/2025","Sell","UAL","UNITED AIRLINES HLDG","27","$72.18","","$1948.86"
"06/23/2025","Sell","CROX","CROCS INC","7","$98.52","","$689.64"
"06/23/2025","Buy","UAL","UNITED AIRLINES HLDG","13","$73.82","","-$959.66"
"06/23/2025","Sell","HIMZ","DEFIANCE DAILY TRGT 2X LONG HIMS ETF","22","$29.57","","$650.54"
"06/23/2025","Buy","HIMZ","DEFIANCE DAILY TRGT 2X LONG HIMS ETF","11","$35.74","","-$393.14"
"06/23/2025","Sell","KMI","KINDER MORGAN INC DEL","25","$28.0512","","$701.28"
"06/23/2025","Funds Paid","","CLIENT REQUEST NETCSH","","","","-$100.00"
"06/20/2025","Sell","TSLL","DIREXION DAILY TSLA BULL2X ETF","84","$12.3837","$0.01","$1040.22"
"06/20/2025","Buy","TSLL","DIREXION DAILY TSLA BULL2X ETF","84","$12.66","","-$1063.44"
"06/18/2025","Buy","HIMZ","DEFIANCE DAILY TRGT 2X LONG HIMS ETF","11","$46.6224","","-$512.85"
"06/18/2025","Sell","LULU","LULULEMON ATHLETICA INC","2","$232.61","","$465.22"
"06/18/2025","Buy","UAL","UNITED AIRLINES HLDG","14","$73.98","","-$1035.72"
"06/18/2025","Sell","DAL","DELTA AIR LINES INC DEL","21","$47.36","","$994.56"
"06/17/2025","Buy","DAL","DELTA AIR LINES INC DEL","21","$47.315","","-$993.62"
"06/17/2025","Sell","SOXL","DIREXION DAILY SEMICONDUCTOR BULL 3X","14","$22.01","","$308.14"
"06/17/2025","Buy","SOXL","DIREXION DAILY SEMICONDUCTOR BULL 3X","14","$21.83","","-$305.62"
"06/17/2025","Sell","AMDL","GRANITESHARES 2X LONG AMD DL ETF","150","$7.14","$0.02","$1070.98"
"06/17/2025","Buy","AMDL","GRANITESHARES 2X LONG AMD DL ETF","150","$6.87","","-$1030.50"
"06/16/2025","Sell","BBAI","BIGBEAR AI HLDGS INC","100","$4.06","$0.02","$405.98"
"06/16/2025","Sell","HIMZ","DEFIANCE DAILY TRGT 2X LONG HIMS ETF","25","$45.98","","$1149.50"
"06/16/2025","Buy","HIMZ","DEFIANCE DAILY TRGT 2X LONG HIMS ETF","25","$43.475","","-$1086.88"
"06/16/2025","Buy","BBAI","BIGBEAR AI HLDGS INC","100","$3.985","","-$398.50"
"06/16/2025","Buy","SPXU","PROSHARES ULTRAPRO SHORTS&P ...500 ETF","55","$18.6396","","-$1025.18"
"06/16/2025","Qualified Dividend","GOOG","ALPHABET INC CLASS C","","","","$0.42"
"06/13/2025","Buy","SPXU","PROSHARES ULTRAPRO SHORTS&P ...500 ETF","49","$19.005","","-$931.25"
"06/13/2025","Sell","UPRO","PROSHARES ULTRAPRO S&P ...500 ETF","37","$82.33","$0.01","$3046.20"
"06/13/2025","Buy","AAL","AMERICAN AIRLS GROUP INC","100","$10.47","","-$1047.00"
"06/13/2025","Buy","UPRO","PROSHARES ULTRAPRO S&P ...500 ETF","37","$82.31","","-$3045.47"
"06/12/2025","Sell","NVDA","NVIDIA CORP","3","$144.7002","","$434.10"
"06/12/2025","Sell","GOOG","ALPHABET INC CLASS C","2","$176.72","","$353.44"
"06/12/2025","Sell","HIMZ","DEFIANCE DAILY TRGT 2X LONG HIMS ETF","17","$40.39","","$686.63"
"06/12/2025","Sell","PLTU","DIREXION DAILY PLTR BUL 2X SH ETF","12","$61.7528","","$741.03"
"06/12/2025","Sell","UPRO","PROSHARES ULTRAPRO S&P ...500 ETF","25","$85.255","","$2131.38"
"06/12/2025","Sell","LLY","ELI LILLY AND CO","0.3885","$811.60","","$315.31"
"06/12/2025","Sell","COST","COSTCO WHSL CORP NEW","0.3599","$1001.01","","$360.26"
"06/12/2025","Buy","PLTU","DIREXION DAILY PLTR BUL 2X SH ETF","12","$62.0199","","-$744.24"
"06/11/2025","Sell","SHOP","SHOPIFY INC FCLASS A","3","$115.45","","$346.35"
"06/10/2025","Buy","HIMZ","DEFIANCE DAILY TRGT 2X LONG HIMS ETF","9","$40.50","","-$364.50"
"06/10/2025","Sell","SLV","ISHARES SILVER TRUST ETF","12","$33.22","","$398.64"
"06/10/2025","Qualified Dividend","LLY","ELI LILLY AND CO","","","","$0.58"
"06/09/2025","Buy","KPDD","KRANESHARES 2X LONG PDD DAILY ETF","20","$16.8865","","-$337.73"
"06/09/2025","Buy","HIMZ","DEFIANCE DAILY TRGT 2X LONG HIMS ETF","8","$40.70","","-$325.60"
"06/06/2025","Sell","WBUY","WEBUY GLOBAL LTD FCLASS A","80","$8.20","$0.01","$655.99"
"06/06/2025","Buy","WBUY","WEBUY GLOBAL LTD FCLASS A","80","$7.9697","","-$637.58"
"06/06/2025","Sell","RCAT","RED CAT HLDGS INC","50","$7.465","$0.01","$373.24"
"06/06/2025","Cash Dividend","BITI","PROSHARES SHORT BITCOIN ETF","","","","$0.43"
"06/06/2025 as of 06/05/2025","MoneyLink Transfer","","Tfr FULTON BANK NATION, ANATOLI LARIN","","","","$224.00"
"06/05/2025","Buy","LULU","LULULEMON ATHLETICA INC","1","$256.85","","-$256.85"
"06/05/2025","Sell","DASH","DOORDASH INC CLASS A","1","$215.64","","$215.64"
"06/05/2025","Buy","LULU","LULULEMON ATHLETICA INC","1","$286.48","","-$286.48"
"06/05/2025","Sell","BITI","PROSHARES SHORT BITCOIN ETF","15","$20.775","","$311.63"
"06/04/2025","Buy","RCAT","RED CAT HLDGS INC","50","$7.7475","","-$387.38"
"06/04/2025","Buy","CROX","CROCS INC","5","$101.41","","-$507.05"
"06/04/2025","Buy to Close","PR 06/20/2025 13.00 P","PUT PERMIAN RES CORP $13 EXP 06/20/25","1","$0.30","$0.66","-$30.66"
"06/04/2025","Buy","CROX","CROCS INC","2","$101.9999","","-$204.00"
"05/27/2025","Buy","BITI","PROSHARES SHORT BITCOIN ETF","15","$19.51","","-$292.65"
"05/21/2025","Funds Paid","","CLIENT REQUEST NETCSH","","","","-$150.00"
"05/21/2025","Sell to Open","PR 06/20/2025 13.00 P","PUT PERMIAN RES CORP $13 EXP 06/20/25","1","$0.56","$0.66","$55.34"
"05/20/2025","Sell","UPRO","PROSHARES ULTRAPRO S&P ...500 ETF","23","$81.23","","$1868.29"
"05/20/2025","Buy","UPRO","PROSHARES ULTRAPRO S&P ...500 ETF","23","$82.00","","-$1886.00"
"05/20/2025 as of 05/19/2025","MoneyLink Transfer","","Tfr FULTON BANK NATION, ANATOLI LARIN","","","","$274.00"
"05/19/2025","Buy","KMI","KINDER MORGAN INC DEL","25","$27.85","","-$696.25"
"05/19/2025","Buy","MRVL","MARVELL TECHNOLOGY INC","6","$62.20","","-$373.20"
"05/16/2025","Sell","TQQQ","PROSHARES ULTRAPRO QQQ ETF","29","$71.255","","$2066.39"
"05/16/2025","Buy","TQQQ","PROSHARES ULTRAPRO QQQ ETF","29","$70.699","","-$2050.27"
"05/16/2025","Qualified Dividend","COST","COSTCO WHSL CORP NEW","","","","$0.47"
"05/15/2025","Buy","GOOG","ALPHABET INC CLASS C","2","$164.767","","-$329.53"
"05/14/2025","Sell","UPRO","PROSHARES ULTRAPRO S&P ...500 ETF","25","$79.85","","$1996.25"
"05/14/2025","Buy","UPRO","PROSHARES ULTRAPRO S&P ...500 ETF","25","$79.56","","-$1989.00"
"05/14/2025","Sell","PYPL","PAYPAL HLDGS INC","5","$73.1647","","$365.82"
"05/12/2025","Sell","MA","MASTERCARD INC CLASS A","0.6572","$568.14","$0.01","$373.37"
"05/12/2025","Buy","UPRO","PROSHARES ULTRAPRO S&P ...500 ETF","10","$76.93","","-$769.30"
"05/12/2025","Sell","AVGO","BROADCOM INC","2","$220.86","$0.01","$441.71"
"05/09/2025","Sell","UPRO","PROSHARES ULTRAPRO S&P ...500 ETF","30","$70.7401","$0.06","$2122.14"
"05/09/2025","Buy","UPRO","PROSHARES ULTRAPRO S&P ...500 ETF","30","$70.90","","-$2127.00"
"05/08/2025","Buy","SHOP","SHOPIFY INC FCLASS A","3","$93.61","","-$280.83"
"05/08/2025","Buy","NVDA","NVIDIA CORP","3","$117.03","","-$351.09"
"05/08/2025","Sell","MNST","MONSTER BEVERAGE CORP NE","3","$58.6001","","$175.80"
"05/08/2025","Sell","MARA","MARA HLDGS INC","11","$14.06","","$154.66"
"05/08/2025","Buy","MARA","MARA HLDGS INC","11","$14.30","","-$157.30"
"05/08/2025","Buy","MNST","MONSTER BEVERAGE CORP NE","3","$60.36","","-$181.08"
"05/08/2025","Sell","AAL","AMERICAN AIRLS GROUP INC","100","$11.10","$0.05","$1109.95"
"05/08/2025","Buy to Close","AAL 05/23/2025 9.50 C","CALL AMERICAN AIRLS GROU$9.5 EXP 05/23/25","1","$1.71","$0.66","-$171.66"
"05/07/2025","Sell","CVNA","CARVANA CO CLASS A","1","$248.45","$0.01","$248.44"
"05/07/2025","Sell","IONQ","IONQ INC","1","$29.65","","$29.65"
"05/07/2025","Sell","APP","APPLOVIN CORP CLASS A","1","$357.00","$0.01","$356.99"
"05/07/2025","Buy","APP","APPLOVIN CORP CLASS A","1","$303.9999","","-$304.00"
"05/07/2025","Buy","IONQ","IONQ INC","1","$29.1485","","-$29.15"
"05/07/2025","Buy","CVNA","CARVANA CO CLASS A","1","$259.61","","-$259.61"
"05/06/2025","Buy","DASH","DOORDASH INC CLASS A","1","$188.84","","-$188.84"
"05/06/2025","Sell","AMD","ADVANCED MICRO DEVIC","1","$103.98","","$103.98"
"05/06/2025","Buy","AMD","ADVANCED MICRO DEVIC","1","$99.07","","-$99.07"
"05/06/2025","Sell","SQQQ","PROSHARES ULTRAPRO SHORTQQQ ETF","70","$29.575","$0.07","$2070.18"
"05/06/2025","Buy","SQQQ","PROSHARES ULTRAPRO SHORTQQQ ETF","70","$29.975","","-$2098.25"
"05/05/2025","Sell","UPRO","PROSHARES ULTRAPRO S&P ...500 ETF","30","$71.49","$0.06","$2144.64"
"05/05/2025","Buy","UPRO","PROSHARES ULTRAPRO S&P ...500 ETF","30","$70.715","","-$2121.45"
"05/01/2025","Sell","MSTR","MICROSTRATEGY INC CLASS A","1","$383.63","$0.01","$383.62"
"05/01/2025","Buy","MSTR","MICROSTRATEGY INC CLASS A","1","$383.84","","-$383.84"
"05/01/2025","Sell","TQQQ","PROSHARES ULTRAPRO QQQ ETF","35","$56.80","$0.07","$1987.93"
"05/01/2025","Buy","TQQQ","PROSHARES ULTRAPRO QQQ ETF","35","$58.085","","-$2032.98"
"05/01/2025","Sell","BITI","PROSHARES SHORT BITCOIN ETF","1","$22.44","","$22.44"
"05/01/2025","Buy","BITI","PROSHARES SHORT BITCOIN ETF","1","$22.44","","-$22.44"
"04/30/2025","Sell","TQQQ","PROSHARES ULTRAPRO QQQ ETF","40","$53.35","$0.07","$2133.93"
"04/30/2025","Buy","TQQQ","PROSHARES ULTRAPRO QQQ ETF","40","$52.205","","-$2088.20"
"04/29/2025","Credit Interest","","SCHWAB1 INT 03/28-04/28","","","","$0.21"
"04/29/2025","Buy","CMG","CHIPOTLE MEXICAN GRILL I","7","$50.85","","-$355.95"
"04/29/2025","Sell","UPRO","PROSHARES ULTRAPRO S&P ...500 ETF","30","$67.691","$0.06","$2030.67"
"04/29/2025","Buy","UPRO","PROSHARES ULTRAPRO S&P ...500 ETF","30","$66.5341","","-$1996.02"
"04/29/2025","Sell","HIMS","HIMS & HERS HEALTH INC CLASS A","13","$37.00","$0.01","$480.99"
"04/28/2025","Buy","UPRO","PROSHARES ULTRAPRO S&P ...500 ETF","15","$65.9996","","-$989.99"
"04/25/2025","Buy","PYPL","PAYPAL HLDGS INC","5","$65.06","","-$325.30"
"04/25/2025","Sell","SPY","SPDR S&P ...500 ETF","1","$549.325","$0.02","$549.31"
"04/25/2025","Buy","SPY","SPDR S&P ...500 ETF","1","$549.665","","-$549.66"
"04/25/2025","Sell","TQQQ","PROSHARES ULTRAPRO QQQ ETF","50","$52.7252","$0.08","$2636.18"
"04/25/2025","Buy","TQQQ","PROSHARES ULTRAPRO QQQ ETF","50","$51.7191","","-$2585.95"
"04/25/2025","Buy","COST","COSTCO WHSL CORP NEW","0.3599","$972.283","","-$349.92"
"04/24/2025","Buy","HIMS","HIMS & HERS HEALTH INC CLASS A","13","$28.34","","-$368.42"
"04/24/2025","Sell","COST","COSTCO WHSL CORP NEW","1","$975.54","$0.03","$975.51"
"04/23/2025","Buy","AVGO","BROADCOM INC","2","$178.58","","-$357.16"
"04/23/2025","Buy","MA","MASTERCARD INC CLASS A","0.6572","$532.50","","-$349.96"
"04/23/2025","Buy","SLV","ISHARES SILVER TRUST ETF","12","$30.50","","-$366.00"
"04/23/2025","Buy","LLY","ELI LILLY AND CO","0.3885","$823.65","","-$319.99"
"04/22/2025","Sell","SPXU","PROSHARES ULTRAPRO SHORTS&P ...500 ETF","175","$27.07","$0.16","$4737.09"
"04/22/2025","Buy","SPXU","PROSHARES ULTRAPRO SHORTS&P ...500 ETF","175","$27.865","","-$4876.38"
"04/21/2025","Sell to Open","AAL 05/23/2025 9.50 C","CALL AMERICAN AIRLS GROU$9.5 EXP 05/23/25","1","$0.57","$0.66","$56.34"
"04/21/2025 as of 04/17/2025","Assigned","AAL 04/17/2025 10.00 P","PUT AMERICAN AIRLS GROUP$10 EXP 04/17/25","1","","",""
"04/21/2025 as of 04/17/2025","Buy","AAL","AMERICAN AIRLS GROUP INC","100","$10.00","","-$1000.00"
"04/17/2025","Sell","SPXU","PROSHARES ULTRAPRO SHORTS&P ...500 ETF","175","$27.385","$0.16","$4792.22"
"04/17/2025","Buy","SPXU","PROSHARES ULTRAPRO SHORTS&P ...500 ETF","175","$27.3179","","-$4780.63"
"04/17/2025","Sell","SQQQ","PROSHARES ULTRAPRO SHORTQQQ ETF","100","$38.8201","$0.13","$3881.88"
"04/17/2025","Sell","HOOD","ROBINHOOD MKTS INC CLASS A","23","$40.2524","$0.03","$925.78"
"04/17/2025","Buy","SQQQ","PROSHARES ULTRAPRO SHORTQQQ ETF","100","$38.475","","-$3847.50"
"04/17/2025","Buy","COST","COSTCO WHSL CORP NEW","1","$974.60","","-$974.60"
"04/17/2025","Sell","JNJ","JOHNSON & JOHNSON","13","$154.35","$0.06","$2006.49"
"04/16/2025","Sell","SQQQ","PROSHARES ULTRAPRO SHORTQQQ ETF","72","$38.67","$0.09","$2784.15"
"04/16/2025","Buy","SQQQ","PROSHARES ULTRAPRO SHORTQQQ ETF","72","$37.385","","-$2691.72"
"04/15/2025","Sell","QLD","PROSHARES ULTRA QQQ ETF","32","$81.9469","$0.08","$2622.22"
"04/15/2025","Buy","QLD","PROSHARES ULTRA QQQ ETF","32","$82.71","","-$2646.72"
"04/15/2025","Buy","JNJ","JOHNSON & JOHNSON","13","$154.2825","","-$2005.67"
"04/14/2025","Sell","SOXL","DIREXION DAILY SEMICONDUCTOR BULL 3X","25","$10.7101","$0.01","$267.74"
"04/11/2025","Buy","HOOD","ROBINHOOD MKTS INC CLASS A","23","$43.67","","-$1004.41"
"04/11/2025","Sell","SSO","PROSHARES ULTRA S&P ...500 ETF","50","$74.45","$0.11","$3722.39"
"04/11/2025","Buy","SSO","PROSHARES ULTRA S&P ...500 ETF","50","$72.34","","-$3617.00"
"04/10/2025","Buy","SOXL","DIREXION DAILY SEMICONDUCTOR BULL 3X","25","$9.7999","","-$245.00"
"04/10/2025","Sell to Open","AAL 04/17/2025 10.00 P","PUT AMERICAN AIRLS GROUP$10 EXP 04/17/25","1","$0.47","$0.66","$46.34"
"04/09/2025","Sell","SPY","SPDR S&P ...500 ETF","13","$502.00","$0.18","$6525.82"
"04/09/2025","Buy","SPY","SPDR S&P ...500 ETF","13","$493.4865","","-$6415.32"
"04/08/2025","Sell","SDS","PROSHARES ULTRASHORT S&P500 ETF","256","$25.38","$0.22","$6497.06"
"04/08/2025","Buy","SDS","PROSHARES ULTRASHORT S&P500 ETF","256","$24.61","","-$6300.16"
"04/08/2025","Sell","SVIX","1X SHORT VIX FUTURES ETF","465","$13.492","$0.25","$6273.51"
"04/07/2025","Buy","SVIX","1X SHORT VIX FUTURES ETF","465","$12.4485","","-$5788.55"
"04/07/2025","Sell","SCHD","SCHWAB US DIVIDEND EQUITY ETF","234","$24.79","$0.20","$5800.66"
"04/07/2025","Buy to Close","SCHD 04/17/2025 27.00 C","CALL SCHW US DIVDND EQTY$27 EXP 04/17/25","2","$0.08","$1.32","-$17.32"
"04/04/2025","Sell to Open","SCHD 04/17/2025 27.00 C","CALL SCHW US DIVDND EQTY$27 EXP 04/17/25","2","$0.20","$1.33","$38.67"
"04/04/2025","Buy to Close","SCHD 04/17/2025 27.33 C","CALL SCHW US DIVDND EQTY$27.33 EXP 04/17/25","2","$0.10","$1.32","-$21.32"
"04/03/2025","Buy","SCHD","SCHWAB US DIVIDEND EQUITY ETF","6","$27.135","","-$162.81"
"04/03/2025","Sell to Open","SCHD 04/17/2025 27.33 C","CALL SCHW US DIVDND EQTY$27.33 EXP 04/17/25","2","$0.37","$1.33","$72.67"
"04/03/2025","Buy","SCHD","SCHWAB US DIVIDEND EQUITY ETF","228","$27.34","","-$6233.52"
"04/03/2025","Sell","MCD","MCDONALDS CORP","3","$308.3112","$0.03","$924.90"
"04/02/2025","Sell","GRAB","GRAB HLDGS LTD FCLASS A","100","$4.43","$0.03","$442.97"
"04/02/2025","Sell","KMI","KINDER MORGAN INC DEL","35","$28.29","$0.04","$990.11"
"03/31/2025","Sell","META","META PLATFORMS INC CLASS A","2","$566.01","$0.03","$1131.99"
"03/28/2025","Credit Interest","","SCHWAB1 INT 02/27-03/27","","","","$0.04"
"03/28/2025","Sell","OPRA","OPERA LTD FUNSPONSORED ADR 1 ADR REPS 1 ORD SHS","60","$16.2498","$0.04","$974.95"
"03/25/2025","Buy","META","META PLATFORMS INC CLASS A","2","$625.435","","-$1250.87"
"03/25/2025","Sell","MAT","MATTEL INC","103","$19.7651","$0.08","$2035.73"
"03/24/2025","Buy","OPRA","OPERA LTD FUNSPONSORED ADR 1 ADR REPS 1 ORD SHS","60","$18.13","","-$1087.80"
"03/24/2025","Sell","HOOD","ROBINHOOD MKTS INC CLASS A","34","$48.47","$0.06","$1647.92"
"03/24/2025","Buy","GRAB","GRAB HLDGS LTD FCLASS A","100","$4.6899","","-$468.99"
"03/24/2025 as of 03/21/2025","Assigned","MAT 03/21/2025 21.00 P","PUT MATTEL INC $21 EXP 03/21/25","1","","",""
"03/24/2025 as of 03/21/2025","Buy","MAT","MATTEL INC","100","$21.00","","-$2100.00"
"03/21/2025","Buy","KMI","KINDER MORGAN INC DEL","35","$27.992","","-$979.72"
"03/21/2025","Sell","GOLD","BARRICK GOLD CORP F","100","$18.855","$0.07","$1885.43"
"03/21/2025","Buy to Close","GOLD 03/28/2025 20.00 C","CALL BARRICK GOLD CORP $20 EXP 03/28/25","1","$0.04","$0.01","-$4.01"
"03/20/2025","Sell to Open","GOLD 03/28/2025 20.00 C","CALL BARRICK GOLD CORP $20 EXP 03/28/25","1","$0.10","$0.66","$9.34"
"03/20/2025 as of 03/19/2025","MoneyLink Transfer","","Tfr CAPITAL ONE NATION, ANATOLI LARIN","","","","$1000.00"
"03/19/2025","Buy","MCD","MCDONALDS CORP","3","$307.01","","-$921.03"
"03/18/2025","Buy","HOOD","ROBINHOOD MKTS INC CLASS A","24","$42.23","","-$1013.52"
"03/18/2025","Buy","HOOD","ROBINHOOD MKTS INC CLASS A","10","$42.15","","-$421.50"
"03/18/2025","Sell","F","FORD MTR CO DEL","100","$9.92","$0.05","$991.95"
"03/17/2025 as of 03/14/2025","Buy","F","FORD MTR CO DEL","100","$9.85","","-$985.00"
"03/17/2025 as of 03/14/2025","Expired","GOLD 03/14/2025 19.00 C","CALL BARRICK GOLD CORP $19 EXP 03/14/25","1","","",""
"03/17/2025 as of 03/14/2025","Assigned","F 03/14/2025 9.85 P","PUT FORD MTR CO DEL $9.85 EXP 03/14/25","1","","",""
"03/10/2025","Sell to Open","F 03/14/2025 9.85 P","PUT FORD MTR CO DEL $9.85 EXP 03/14/25","1","$0.11","$0.66","$10.34"
"03/10/2025","Sell to Open","GOLD 03/14/2025 19.00 C","CALL BARRICK GOLD CORP $19 EXP 03/14/25","1","$0.17","$0.66","$16.34"
"03/10/2025 as of 03/07/2025","Expired","GOLD 03/07/2025 19.00 C","CALL BARRICK GOLD CORP $19 EXP 03/07/25","1","","",""
"03/10/2025 as of 03/07/2025","Expired","F 03/07/2025 9.35 P","PUT FORD MTR CO DEL $9.35 EXP 03/07/25","1","","",""
"03/06/2025","Sell to Open","GOLD 03/07/2025 19.00 C","CALL BARRICK GOLD CORP $19 EXP 03/07/25","1","$0.10","$0.66","$9.34"
"03/03/2025 as of 02/28/2025","Assigned","GOLD 02/28/2025 18.00 P","PUT BARRICK GOLD CORP $18 EXP 02/28/25","1","","",""
"03/03/2025 as of 02/28/2025","Buy","GOLD","BARRICK GOLD CORP F","100","$18.00","","-$1800.00"
"02/27/2025","Credit Interest","","SCHWAB1 INT 01/30-02/26","","","","$0.28"
"02/27/2025","Sell","CINT","CI&T INC FCLASS A","10","$7.40","","$74.00"
"02/26/2025","Buy","MAT","MATTEL INC","3","$21.375","","-$64.13"
"02/26/2025","Sell to Open","MAT 03/21/2025 21.00 P","PUT MATTEL INC $21 EXP 03/21/25","1","$0.31","$0.66","$30.34"
"02/26/2025","Sell to Open","F 03/07/2025 9.35 P","PUT FORD MTR CO DEL $9.35 EXP 03/07/25","1","$0.08","$0.66","$7.34"
"02/26/2025","Sell to Open","GOLD 02/28/2025 18.00 P","PUT BARRICK GOLD CORP $18 EXP 02/28/25","1","$0.16","$0.66","$15.34"
"02/26/2025","Buy to Close","HOOD 02/28/2025 46.00 P","PUT ROBINHOOD MKTS INC $46 EXP 02/28/25","1","$0.30","$0.66","-$30.66"
"02/24/2025","Sell to Open","HOOD 02/28/2025 46.00 P","PUT ROBINHOOD MKTS INC $46 EXP 02/28/25","1","$0.46","$0.66","$45.34"
"02/24/2025","Buy to Close","JD 02/28/2025 40.50 P","PUT JD COM INC $40.5 EXP 02/28/25","1","$1.99","$0.66","-$199.66"
"02/24/2025","Sell","XYF","X FINL FSPONSORED ADR 1 ADR REPS 6 ORD SHS","8","$10.605","","$84.84"
"02/21/2025","Sell to Open","JD 02/28/2025 40.50 P","PUT JD COM INC $40.5 EXP 02/28/25","1","$0.58","$0.66","$57.34"
"02/21/2025","Buy to Close","HIMS 02/21/2025 52.00 P","PUT HIMS & HERS HEALTH I$52 EXP 02/21/25","1","$2.26","$0.66","-$226.66"
"02/21/2025","Sell to Open","HIMS 02/21/2025 52.00 P","PUT HIMS & HERS HEALTH I$52 EXP 02/21/25","1","$0.60","$0.66","$59.34"
"02/21/2025","Buy to Close","HIMS 02/21/2025 49.50 P","PUT HIMS & HERS HEALTH I$49.5 EXP 02/21/25","1","$0.23","$0.66","-$23.66"
"02/21/2025","Sell to Open","HIMS 02/21/2025 49.50 P","PUT HIMS & HERS HEALTH I$49.5 EXP 02/21/25","1","$0.65","$0.66","$64.34"
"02/21/2025","Buy to Close","JD 02/28/2025 39.50 P","PUT JD COM INC $39.5 EXP 02/28/25","1","$0.22","$0.66","-$22.66"
"02/20/2025","Sell to Open","JD 02/28/2025 39.50 P","PUT JD COM INC $39.5 EXP 02/28/25","1","$0.63","$0.66","$62.34"
"02/20/2025","Buy to Close","JD 02/21/2025 41.50 P","PUT JD COM INC $41.5 EXP 02/21/25","1","$0.92","$0.66","-$92.66"
"02/20/2025","Sell to Open","JD 02/21/2025 41.50 P","PUT JD COM INC $41.5 EXP 02/21/25","1","$0.45","$0.66","$44.34"
"02/18/2025","Buy to Close","HIMS 02/21/2025 50.00 P","PUT HIMS & HERS HEALTH I$50 EXP 02/21/25","1","$0.24","$0.66","-$24.66"
"02/18/2025","Buy","XYF","X FINL FSPONSORED ADR 1 ADR REPS 6 ORD SHS","8","$9.6788","","-$77.43"
"02/18/2025","Buy","CINT","CI&T INC FCLASS A","10","$7.18","","-$71.80"
"02/18/2025","Sell","NVDL","GRANITESHARES NVDA LNG DAILY ETF","2","$66.9001","","$133.80"
"02/14/2025","Buy","NVDL","GRANITESHARES NVDA LNG DAILY ETF","1","$63.505","","-$63.51"
"02/14/2025","Buy","NVDL","GRANITESHARES NVDA LNG DAILY ETF","1","$62.56","","-$62.56"
"02/14/2025","Sell to Open","HIMS 02/21/2025 50.00 P","PUT HIMS & HERS HEALTH I$50 EXP 02/21/25","1","$1.03","$0.66","$102.34"
"02/14/2025","Buy to Close","HIMS 02/14/2025 50.00 P","PUT HIMS & HERS HEALTH I$50 EXP 02/14/25","1","$0.04","$0.01","-$4.01"
"02/14/2025 as of 02/13/2025","MoneyLink Transfer","","Tfr Fulton Bank Nation, ANATOLI LARIN","","","","$437.79"
"02/13/2025","Sell to Open","HIMS 02/14/2025 50.00 P","PUT HIMS & HERS HEALTH I$50 EXP 02/14/25","1","$0.25","$0.66","$24.34"
"02/13/2025","Buy to Close","HIMS 02/14/2025 50.00 P","PUT HIMS & HERS HEALTH I$50 EXP 02/14/25","1","$0.22","$0.66","-$22.66"
"02/13/2025","Sell to Open","HIMS 02/14/2025 50.00 P","PUT HIMS & HERS HEALTH I$50 EXP 02/14/25","1","$0.45","$0.66","$44.34"
"02/13/2025","Sell","WMT","WALMART INC","1","$103.86","","$103.86"
"02/13/2025","Sell","PLTR","PALANTIR TECHNOLOGIES INCLASS A","1","$117.363","","$117.36"
"02/13/2025","Sell","HOOD","ROBINHOOD MKTS INC CLASS A","2","$63.0201","","$126.04"
"02/12/2025","Buy to Close","HIMS 02/14/2025 42.50 P","PUT HIMS & HERS HEALTH I$42.5 EXP 02/14/25","1","$0.22","$0.66","-$22.66"
"02/12/2025","Sell to Open","HIMS 02/14/2025 42.50 P","PUT HIMS & HERS HEALTH I$42.5 EXP 02/14/25","1","$0.44","$0.66","$43.34"
"02/12/2025","Buy to Close","HIMS 02/14/2025 41.50 P","PUT HIMS & HERS HEALTH I$41.5 EXP 02/14/25","1","$0.25","$0.66","-$25.66"
"02/12/2025","Sell to Open","HIMS 02/14/2025 41.50 P","PUT HIMS & HERS HEALTH I$41.5 EXP 02/14/25","1","$0.55","$0.66","$54.34"
"02/12/2025","Buy to Close","HIMS 02/14/2025 40.00 P","PUT HIMS & HERS HEALTH I$40 EXP 02/14/25","1","$0.27","$0.66","-$27.66"
"02/11/2025","Buy","WMT","WALMART INC","1","$102.30","","-$102.30"
"02/11/2025","Buy","PLTR","PALANTIR TECHNOLOGIES INCLASS A","1","$116.59","","-$116.59"
"02/11/2025","Buy","HOOD","ROBINHOOD MKTS INC CLASS A","2","$55.735","","-$111.47"
"02/11/2025","Sell","SSO","PROSHARES ULTRA S&P ...500 ETF","2","$97.251","$0.01","$194.49"
"02/11/2025","Sell","JEPQ","J P MORGAN NASDAQ EQT PRM INC ETF","2","$57.6219","","$115.24"
"02/07/2025","Sell to Open","HIMS 02/14/2025 40.00 P","PUT HIMS & HERS HEALTH I$40 EXP 02/14/25","1","$1.03","$0.66","$102.34"
"02/07/2025","Buy to Close","HIMS 02/07/2025 43.50 P","PUT HIMS & HERS HEALTH I$43.5 EXP 02/07/25","1","$0.13","$0.66","-$13.66"
"02/07/2025","Buy","SSO","PROSHARES ULTRA S&P ...500 ETF","1","$97.715","","-$97.72"
"02/07/2025","Sell to Open","HIMS 02/07/2025 43.50 P","PUT HIMS & HERS HEALTH I$43.5 EXP 02/07/25","1","$0.35","$0.66","$34.34"
"02/06/2025","Buy to Close","MARA 02/07/2025 16.50 P","PUT MARA HLDGS INC $16.5 EXP 02/07/25","2","$0.26","$1.32","-$53.32"
"02/06/2025","Sell to Open","MARA 02/07/2025 16.50 P","PUT MARA HLDGS INC $16.5 EXP 02/07/25","2","$0.12","$1.33","$22.67"
"02/06/2025","Buy to Close","HIMS 02/07/2025 41.00 P","PUT HIMS & HERS HEALTH I$41 EXP 02/07/25","1","$1.07","$0.66","-$107.66"
"02/06/2025","Sell to Open","HIMS 02/07/2025 41.00 P","PUT HIMS & HERS HEALTH I$41 EXP 02/07/25","1","$0.51","$0.66","$50.34"
"02/06/2025","Buy to Close","HIMS 02/07/2025 39.00 P","PUT HIMS & HERS HEALTH I$39 EXP 02/07/25","1","$0.13","$0.66","-$13.66"
"02/05/2025","Non-Qualified Div","JEPQ","J P MORGAN NASDAQ EQT PRM INC ETF","","","","$0.90"
"02/04/2025","Sell to Open","HIMS 02/07/2025 39.00 P","PUT HIMS & HERS HEALTH I$39 EXP 02/07/25","1","$0.49","$0.66","$48.34"
"02/04/2025","Buy to Close","HIMS 02/07/2025 38.00 P","PUT HIMS & HERS HEALTH I$38 EXP 02/07/25","1","$0.30","$0.66","-$30.66"
"02/04/2025","Sell to Open","HIMS 02/07/2025 38.00 P","PUT HIMS & HERS HEALTH I$38 EXP 02/07/25","1","$0.63","$0.66","$62.34"
"02/04/2025","Buy to Close","HIMS 02/07/2025 36.00 P","PUT HIMS & HERS HEALTH I$36 EXP 02/07/25","1","$0.26","$0.66","-$26.66"
"02/03/2025","Sell to Open","HIMS 02/07/2025 36.00 P","PUT HIMS & HERS HEALTH I$36 EXP 02/07/25","1","$0.79","$0.66","$78.34"
"02/03/2025","Buy to Close","HIMS 02/07/2025 34.00 P","PUT HIMS & HERS HEALTH I$34 EXP 02/07/25","1","$0.32","$0.66","-$32.66"
"02/03/2025","Sell to Open","HIMS 02/07/2025 34.00 P","PUT HIMS & HERS HEALTH I$34 EXP 02/07/25","1","$0.65","$0.66","$64.34"
"01/31/2025","Sell","NVDL","GRANITESHARES NVDA LNG DAILY ETF","20","$49.045","$0.03","$980.87"
"01/31/2025","Buy","NVDL","GRANITESHARES NVDA LNG DAILY ETF","20","$55.50","","-$1110.00"
"01/31/2025","Buy to Close","RIOT 02/07/2025 11.00 P","PUT RIOT PLATFORMS INC $11 EXP 02/07/25","1","$0.23","$0.66","-$23.66"
"01/31/2025","Buy","JEPQ","J P MORGAN NASDAQ EQT PRM INC ETF","2","$57.88","","-$115.76"
"01/30/2025","Credit Interest","","SCHWAB1 INT 12/30-01/29","","","","$0.05"
"01/30/2025","Buy to Close","HIMS 01/31/2025 32.50 P","PUT HIMS & HERS HEALTH I$32.5 EXP 01/31/25","1","$0.10","$0.66","-$10.66"
"01/30/2025","Sell to Open","RIOT 02/07/2025 11.00 P","PUT RIOT PLATFORMS INC $11 EXP 02/07/25","1","$0.27","$0.66","$26.34"
"01/30/2025","Sell to Open","HIMS 01/31/2025 32.50 P","PUT HIMS & HERS HEALTH I$32.5 EXP 01/31/25","1","$0.33","$0.66","$32.34"
"01/30/2025","Buy to Close","HIMS 01/31/2025 31.00 P","PUT HIMS & HERS HEALTH I$31 EXP 01/31/25","1","$0.11","$0.66","-$11.66"
"01/29/2025","Sell","GGLS","DIREXION DAILY GOOGL BEAR 1X ETF","1","$11.6715","","$11.67"
"01/29/2025","Sell","SPXS","DIREXION DAILY S&P ...500 BEAR 3X ETF","5","$5.825","","$29.13"
"01/29/2025","Sell to Open","HIMS 01/31/2025 31.00 P","PUT HIMS & HERS HEALTH I$31 EXP 01/31/25","1","$0.39","$0.66","$38.34"
"01/29/2025","Buy to Close","HIMS 01/31/2025 30.00 P","PUT HIMS & HERS HEALTH I$30 EXP 01/31/25","1","$0.18","$0.66","-$18.66"
"01/29/2025","Buy","SPXS","DIREXION DAILY S&P ...500 BEAR 3X ETF","5","$5.8599","","-$29.30"
"01/29/2025","Sell","NVDA","NVIDIA CORP","5","$127.9007","$0.02","$639.48"
"01/29/2025","Sell","NVDL","GRANITESHARES NVDA LNG DAILY ETF","18","$55.9116","$0.03","$1006.38"
"01/28/2025","Sell to Open","HIMS 01/31/2025 30.00 P","PUT HIMS & HERS HEALTH I$30 EXP 01/31/25","1","$0.37","$0.66","$36.34"
"01/28/2025","Sell","SSO","PROSHARES ULTRA S&P ...500 ETF","1","$97.09","","$97.09"
"01/28/2025","Buy to Close","HIMS 01/31/2025 30.00 P","PUT HIMS & HERS HEALTH I$30 EXP 01/31/25","1","$0.28","$0.66","-$28.66"
"01/27/2025","Buy","NVDL","GRANITESHARES NVDA LNG DAILY ETF","8","$50.049","","-$400.39"
"01/27/2025","Buy","GGLS","DIREXION DAILY GOOGL BEAR 1X ETF","1","$11.955","","-$11.96"
"01/27/2025","Sell","AAL","AMERICAN AIRLS GROUP INC","6","$17.06","","$102.36"
"01/27/2025","Sell","HIMS","HIMS & HERS HEALTH INC CLASS A","3","$31.7138","","$95.14"
"01/27/2025","Buy","NVDL","GRANITESHARES NVDA LNG DAILY ETF","10","$56.09","","-$560.90"
"01/27/2025","Buy","NVDA","NVIDIA CORP","5","$125.79","","-$628.95"
"01/27/2025","Buy","SSO","PROSHARES ULTRA S&P ...500 ETF","2","$94.8599","","-$189.72"
"01/24/2025","Buy","HIMS","HIMS & HERS HEALTH INC CLASS A","1","$31.56","","-$31.56"
"01/24/2025","Sell","BLK","BLACKROCK INC NEW","0.0389","$1016.10","","$39.53"
"01/24/2025","Sell","BRKB","BERKSHIRE HATHAWAY CLASS B","0.0828","$461.10","","$38.18"
"01/24/2025","Buy","AAL","AMERICAN AIRLS GROUP INC","6","$16.995","","-$101.97"
"01/24/2025","Sell to Open","HIMS 01/31/2025 30.00 P","PUT HIMS & HERS HEALTH I$30 EXP 01/31/25","1","$0.76","$0.66","$75.34"
"01/24/2025","Buy to Close","HIMS 01/24/2025 30.00 P","PUT HIMS & HERS HEALTH I$30 EXP 01/24/25","1","$0.02","$0.01","-$2.01"
"01/24/2025","Buy","HIMS","HIMS & HERS HEALTH INC CLASS A","2","$31.1896","","-$62.38"
"01/23/2025","Sell to Open","HIMS 01/24/2025 30.00 P","PUT HIMS & HERS HEALTH I$30 EXP 01/24/25","1","$0.21","$0.66","$20.34"
"01/23/2025","Buy to Close","HIMS 01/24/2025 29.50 P","PUT HIMS & HERS HEALTH I$29.5 EXP 01/24/25","1","$0.10","$0.66","-$10.66"
"01/23/2025","Sell to Open","HIMS 01/24/2025 29.50 P","PUT HIMS & HERS HEALTH I$29.5 EXP 01/24/25","1","$0.20","$0.66","$19.34"
"01/23/2025","Buy to Close","HIMS 01/24/2025 29.00 P","PUT HIMS & HERS HEALTH I$29 EXP 01/24/25","1","$0.11","$0.66","-$11.66"
"01/23/2025","Sell to Open","HIMS 01/24/2025 29.00 P","PUT HIMS & HERS HEALTH I$29 EXP 01/24/25","1","$0.38","$0.66","$37.34"
"01/23/2025","Buy to Close","U 01/24/2025 22.00 P","PUT UNITY SOFTWARE INC $22 EXP 01/24/25","2","$0.07","$1.32","-$15.32"
"01/22/2025","Sell to Open","U 01/24/2025 22.00 P","PUT UNITY SOFTWARE INC $22 EXP 01/24/25","2","$0.23","$1.33","$44.67"
"01/22/2025","Sell","SPY","SPDR S&P ...500 ETF IV","7","$606.7101","$0.12","$4246.85"
"12/30/2024","Credit Interest","","SCHWAB1 INT 11/27-12/29","","","","$0.20"
"12/23/2024","Reinvest Shares","BLK","BLACKROCK INC NEW","0.0002","$1040.1144","","-$0.20"
"12/23/2024","Qual Div Reinvest","BLK","BLACKROCK INC NEW","","","","$0.20"
"12/20/2024","Buy","SPY","SPDR S&P ...500 ETF IV","7","$579.06","","-$4053.42"
"12/10/2024","Buy to Close","RIOT 12/27/2024 11.00 P","PUT RIOT PLATFORMS INC $11 EXP 12/27/24","1","$0.95","$0.66","-$95.66"
"12/10/2024","Buy to Close","CLSK 01/17/2025 12.50 P","PUT CLEANSPARK INC $12.5 EXP 01/17/25","1","$1.76","$0.66","-$176.66"
"12/10/2024","Buy to Close","CLSK 12/27/2024 13.00 P","PUT CLEANSPARK INC $13 EXP 12/27/24","1","$1.26","$0.66","-$126.66"
"12/10/2024","Sell","RIOT","RIOT PLATFORMS INC","100","$11.05","$0.05","$1104.95"
"12/10/2024","Buy to Close","RIOT 01/17/2025 17.00 C","CALL RIOT PLATFORMS INC $17 EXP 01/17/25","1","$0.55","$0.66","-$55.66"
"12/09/2024","Sell to Open","RIOT 12/27/2024 11.00 P","PUT RIOT PLATFORMS INC $11 EXP 12/27/24","1","$0.72","$0.66","$71.34"
"12/06/2024","Sell to Open","CLSK 01/17/2025 12.50 P","PUT CLEANSPARK INC $12.5 EXP 01/17/25","1","$1.21","$0.66","$120.34"
"12/06/2024","Buy to Close","RIOT 12/20/2024 11.00 P","PUT RIOT PLATFORMS INC $11 EXP 12/20/24","1","$0.21","$0.66","-$21.66"
"12/06/2024","Sell to Open","CLSK 12/27/2024 13.00 P","PUT CLEANSPARK INC $13 EXP 12/27/24","1","$0.59","$0.66","$58.34"
"12/06/2024","Buy to Close","CLSK 12/27/2024 12.50 P","PUT CLEANSPARK INC $12.5 EXP 12/27/24","1","$0.44","$0.66","-$44.66"
"12/06/2024","Sell to Open","CLSK 12/27/2024 12.50 P","PUT CLEANSPARK INC $12.5 EXP 12/27/24","1","$0.82","$0.66","$81.34"
"12/06/2024","Buy to Close","GME 01/17/2025 24.00 P","PUT GAMESTOP CORP NEW $24 EXP 01/17/25","1","$1.55","$0.66","-$155.66"
"12/05/2024","Sell to Open","RIOT 12/20/2024 11.00 P","PUT RIOT PLATFORMS INC $11 EXP 12/20/24","1","$0.37","$0.66","$36.34"
"12/05/2024","Buy to Close","RIOT 01/03/2025 11.00 P","PUT RIOT PLATFORMS INC $11 EXP 01/03/25","1","$0.66","$0.66","-$66.66"
"12/05/2024","Sell to Open","RIOT 01/03/2025 11.00 P","PUT RIOT PLATFORMS INC $11 EXP 01/03/25","1","$0.69","$0.66","$68.34"
"12/05/2024","Sell to Open","GME 01/17/2025 24.00 P","PUT GAMESTOP CORP NEW $24 EXP 01/17/25","1","$1.76","$0.66","$175.34"
"12/04/2024","Qualified Dividend","DAC","DANAOS CORP F","","","","$5.95"
"12/04/2024","Sell","SPY","SPDR S&P ...500 ETF IV","1","$606.29","$0.02","$606.27"
"12/04/2024","Sell","AAL","AMERICAN AIRLS GROUP INC","100","$14.775","$0.06","$1477.44"
"12/04/2024","Buy to Close","AAL 12/06/2024 15.00 C","CALL AMERICAN AIRLS GROU$15 EXP 12/06/24","1","$0.11","$0.66","-$11.66"
"12/04/2024","Buy","SPY","SPDR S&P ...500 ETF IV","1","$606.22","","-$606.22"
"12/04/2024","Buy to Close","RIOT 12/13/2024 11.50 P","PUT RIOT PLATFORMS INC $11.5 EXP 12/13/24","1","$0.39","$0.66","-$39.66"
"12/04/2024","Sell","IMXI","INTERNTNL MONEY EXPRESS","20","$21.35","$0.01","$426.99"
"12/04/2024","Sell","IMMR","IMMERSION CORP","10","$9.12","","$91.20"
"12/04/2024","Sell","GFR","GREENFIRE RESOURCES LT F","15","$7.11","","$106.65"
"12/04/2024","Sell to Open","RIOT 12/13/2024 11.50 P","PUT RIOT PLATFORMS INC $11.5 EXP 12/13/24","1","$0.41","$0.66","$40.34"
"12/04/2024","Sell to Open","RIOT 01/17/2025 17.00 C","CALL RIOT PLATFORMS INC $17 EXP 01/17/25","1","$0.86","$0.66","$85.34"
"12/04/2024","Buy","RIOT","RIOT PLATFORMS INC","100","$12.31","","-$1231.00"
"12/04/2024","Buy to Close","FL 12/06/2024 23.00 P","PUT FOOT LOCKER INC $23 EXP 12/06/24","1","$3.20","$0.66","-$320.66"
"12/02/2024","Sell to Open","FL 12/06/2024 23.00 P","PUT FOOT LOCKER INC $23 EXP 12/06/24","1","$0.97","$0.66","$96.34"
"12/02/2024","Buy to Close","WOLF 12/06/2024 8.50 P","PUT WOLFSPEED INC $8.5 EXP 12/06/24","1","$0.12","$0.66","-$12.66"
"12/02/2024","Buy","BRKB","BERKSHIRE HATHAWAY CLASS B","0.0828","$482.792","","-$39.98"
"12/02/2024","Sell","NU","NU HLDGS LTD FCLASS A","100","$12.28","$0.05","$1227.95"
"12/02/2024 as of 11/29/2024","MoneyLink Transfer","","Tfr Fulton Bank Nation, ANATOLI LARIN","","","","$118.95"
"11/29/2024","Buy to Close","NU 01/03/2025 15.50 C","CALL NU HLDGS LTD $15.5 EXP 01/03/25","1","$0.09","$0.66","-$9.66"
"11/27/2024","Credit Interest","","SCHWAB1 INT 10/30-11/26","","","","$0.10"
"11/27/2024","Buy","IMXI","INTERNTNL MONEY EXPRESS","20","$20.94","","-$418.80"
"11/27/2024","Buy","BLK","BLACKROCK INC NEW","0.0387","$1031.0016","","-$39.90"
"11/27/2024","Buy","IMMR","IMMERSION CORP","10","$8.81","","-$88.10"
"11/27/2024","Sell","SCHW","CHARLES SCHWAB CORP","6","$82.25","$0.01","$493.49"
"11/27/2024 as of 11/26/2024","MoneyLink Transfer","","Tfr Fulton Bank Nation, ANATOLI LARIN","","","","$80.00"
"11/26/2024","Sell","JAZZ","JAZZ PHARMACEUTICALS P F","4","$122.12","$0.01","$488.47"
"11/25/2024","Buy","GFR","GREENFIRE RESOURCES LT F","15","$7.52","","-$112.80"
"11/25/2024","Sell to Open","WOLF 12/06/2024 8.50 P","PUT WOLFSPEED INC $8.5 EXP 12/06/24","1","$0.43","$0.66","$42.34"
"11/25/2024","Sell","DAC","DANAOS CORP F","7","$81.11","$0.02","$567.75"
"11/25/2024","Sell to Open","NU 01/03/2025 15.50 C","CALL NU HLDGS LTD $15.5 EXP 01/03/25","1","$0.22","$0.66","$21.34"
"11/25/2024 as of 11/22/2024","Buy","NU","NU HLDGS LTD FCLASS A","100","$15.00","","-$1500.00"
"11/25/2024 as of 11/22/2024","Assigned","NU 11/22/2024 15.00 P","PUT NU HLDGS LTD $15 EXP 11/22/24","1","","",""
"11/22/2024","Sell to Open","AAL 12/06/2024 15.00 C","CALL AMERICAN AIRLS GROU$15 EXP 12/06/24","1","$0.15","$0.66","$14.34"
"11/22/2024","Buy to Close","AAL 12/06/2024 15.00 C","CALL AMERICAN AIRLS GROU$15 EXP 12/06/24","1","$0.15","$0.66","-$15.66"
"11/15/2024","Sell","GOOGL","ALPHABET INC CLASS A","2","$173.45","$0.01","$346.89"
"11/14/2024","Buy","DAC","DANAOS CORP F","7","$85.8872","","-$601.21"
"11/13/2024 as of 11/12/2024","MoneyLink Transfer","","Tfr CAPITAL ONE NATION, ANATOLI LARIN","","","","$200.00"
"11/12/2024","Sell to Open","NU 11/22/2024 15.00 P","PUT NU HLDGS LTD $15 EXP 11/22/24","1","$0.37","$0.66","$36.34"
"11/12/2024","Sell","CMP","COMPASS MINERALS INTL IN","35","$12.40","$0.02","$433.98"
"11/12/2024","Sell","BRLN","ISHARES FLOATING RT LOANACTV ETF","6","$52.62","$0.01","$315.71"
"11/12/2024","Sell","LITP","SPROTT LITHIUM MINERS ETF","12","$8.80","","$105.60"
"11/12/2024 as of 11/08/2024","MoneyLink Transfer","","Tfr Fulton Bank Nation, ANATOLI LARIN","","","","$317.00"
"11/12/2024 as of 11/08/2024","MoneyLink Transfer","","Tfr CAPITAL ONE NATION, ANATOLI LARIN","","","","$300.00"
"11/11/2024","Sell","SAVE","SPIRIT AIRLS INC","200","$3.53","$0.05","$705.95"
"11/11/2024","Buy to Close","SAVE 11/15/2024 3.50 C","CALL SPIRIT AIRLS INC $3.5 EXP 11/15/24","2","$0.42","$1.32","-$85.32"
"11/11/2024","Sell","TSLY","YIELDMAX TSLA OPT INCM STGY ETF","20","$15.115","$0.01","$302.29"
"11/11/2024","Buy","SCHW","CHARLES SCHWAB CORP","6","$76.17","","-$457.02"
"11/11/2024","Buy","GOOGL","ALPHABET INC CLASS A","2","$179.06","","-$358.12"
"11/11/2024","Sell","IMMR","IMMERSION CORP","35","$9.0501","$0.02","$316.73"
"11/08/2024","Buy","IMMR","IMMERSION CORP","35","$8.9151","","-$312.03"
"11/08/2024","Sell to Open","SAVE 11/15/2024 3.50 C","CALL SPIRIT AIRLS INC $3.5 EXP 11/15/24","2","$0.07","$1.33","$12.67"
"11/07/2024","Sell to Open","AAL 12/06/2024 15.00 C","CALL AMERICAN AIRLS GROU$15 EXP 12/06/24","1","$0.25","$0.66","$24.34"
"11/07/2024","Buy","AAL","AMERICAN AIRLS GROUP INC","80","$13.905","","-$1112.40"
"11/07/2024","Sell","LULU","LULULEMON ATHLETICA INC","1","$316.20","$0.01","$316.19"
"11/07/2024 as of 11/06/2024","MoneyLink Transfer","","Tfr FULTON BANK NATION, ANATOLI LARIN","","","","$218.00"
"11/06/2024","Sell","SPY","SPDR S&P ...500 ETF @","1","$591.08","$0.02","$591.06"
"11/06/2024","Buy","JAZZ","JAZZ PHARMACEUTICALS P F","4","$112.5742","","-$450.30"
"11/06/2024","Sell","CRSH","YIELDMAX SHRT TSLA OPT STRGY ETF","20","$10.01","$0.01","$200.19"
"11/05/2024","Buy","LITP","SPROTT LITHIUM MINERS ETF","12","$8.7704","","-$105.24"
"11/05/2024","Buy","SPY","SPDR S&P ...500 ETF @","1","$571.05","","-$571.05"
"11/05/2024","Sell","M","MACYS INC","10","$15.21","","$152.10"
"11/05/2024","Sell","TMFC","MOTLEY FOOL ...100 INDEX ETF","2","$56.29","","$112.58"
"11/05/2024","Sell","TMFC","MOTLEY FOOL ...100 INDEX ETF","4","$56.29","$0.01","$225.15"
"11/04/2024","Journaled Shares","AAL","AMERICAN AIRLS GROUP INC","20","$13.54","",""
"11/04/2024","Journaled Shares","CMP","COMPASS MINERALS INTL IN","35","$12.05","",""
"11/04/2024","Journaled Shares","SAVE","SPIRIT AIRLS INC","200","$2.47","",""
"11/04/2024","Journaled Shares","LULU","LULULEMON ATHLETICA INC","1","$321.17","",""
"11/04/2024","Journaled Shares","M","MACYS INC","10","$15.27","",""
"11/04/2024","Journaled Shares","TSLY","YIELDMAX TSLA OPT INCM STGY ETF","20","$11.92","",""
"11/04/2024","Journaled Shares","CRSH","YIELDMAX SHRT TSLA OPT STRGY ETF","20","$11.20","",""
"11/04/2024","Journaled Shares","BRLN","ISHARES FLOATING RT LOANACTV ETF","6","$52.425","",""
"11/04/2024","Journaled Shares","TMFC","MOTLEY FOOL ...100 INDEX ETF","6","$56.50","",""
"11/04/2024","Journal","","JOURNAL FRM ...117","","","","$680.43"
